USE CS6400_Summer2023_Team025; 

INSERT INTO Household (email, square_footage, household_type, postal_code, heating_setting, cooling_setting) VALUES
('john@example.com', 1500, 'house', 12345, 70, 72),
('jane@example.com', 1000, 'apartment', 54321, NULL, NULL),
('bob@example.com', 2000, 'townhome', 98765, 68, 70),
('alice@example.com', 800, 'condominium', 67890, 72, 74),
('charlie@example.com', 500, 'modular home', 13579, 65, 68),
('dave@example.com', 300, 'tiny house', 24680, 66, 70),
('emma@example.com', 1200, 'house', 54321, 68, 70),
('sam@example.com', 900, 'apartment', 98765, NULL, NULL),
('sara@example.com', 1800, 'townhome', 12345, 72, 74),
('mike@example.com', 700, 'condominium', 24680, 65, 68),
('lisa@example.com', 400, 'modular home', 67890, 66, 70),
('peter@example.com', 250, 'tiny house', 13579, 68, 70),
('alex@example.com', 1400, 'house', 67890, NULL, NULL),
('amy@example.com', 950, 'apartment', 13579, 72, 74),
('ryan@example.com', 1900, 'townhome', 54321, 65, 68),
('jessica@example.com', 750, 'condominium', 24680, 68, 70),
('daniel@example.com', 450, 'modular home', 12345, 66, 70),
('emily@example.com', 350, 'tiny house', 98765, 68, 70),
('kevin@example.com', 1300, 'house', 13579, NULL, NULL),
('lily@example.com', 850, 'apartment', 67890, 72, 74),
('matt@example.com', 1700, 'townhome', 12345, 65, 68),
('olivia@example.com', 600, 'condominium', 54321, 66, 70),
('chris@example.com', 350, 'modular home', 24680, 68, 70),
('sophia@example.com', 200, 'tiny house', 98765, 65, 68),
('dylan@example.com', 1100, 'house', 67890, NULL, NULL),
('grace@example.com', 800, 'apartment', 54321, 72, 74),
('jackson@example.com', 2000, 'townhome', 98765, 65, 68),
('natalie@example.com', 700, 'condominium', 12345, 68, 70),
('ethan@example.com', 500, 'modular home', 13579, 66, 70),
('hannah@example.com', 300, 'tiny house', 24680, 68, 70);

INSERT INTO PowerGenerator (email, generator_type, average_monthly_kilowatt_hours_generated, battery_storage_capacity_kilowatt_hours) VALUES
('john@example.com', 'solar', 500, 100),
('jane@example.com', 'wind-turbine', 800, 200),
('bob@example.com', 'mixed', 1200, NULL),
('alice@example.com', 'solar', 600, 150),
('charlie@example.com', 'wind-turbine', 1000, 250),
('dave@example.com', 'mixed', 700, NULL),
('emma@example.com', 'solar', 550, 120),
('sam@example.com', 'wind-turbine', 900, 180),
('sara@example.com', 'mixed', 1100, NULL),
('mike@example.com', 'solar', 650, 140),
('lisa@example.com', 'wind-turbine', 950, 220),
('peter@example.com', 'mixed', 750, NULL),
('alex@example.com', 'solar', 700, 160),
('amy@example.com', 'wind-turbine', 1000, 240),
('ryan@example.com', 'mixed', 1300, NULL),
('jessica@example.com', 'solar', 800, 180),
('daniel@example.com', 'wind-turbine', 1100, 260),
('emily@example.com', 'mixed', 850, NULL),
('kevin@example.com', 'solar', 750, 200),
('lily@example.com', 'wind-turbine', 1050, 240),
('matt@example.com', 'mixed', 1200, NULL),
('olivia@example.com', 'solar', 900, 220),
('chris@example.com', 'wind-turbine', 1150, 260),
('sophia@example.com', 'mixed', 1350, NULL),
('dylan@example.com', 'solar', 950, 240),
('grace@example.com', 'wind-turbine', 1100, 260),
('jackson@example.com', 'mixed', 1250, NULL),
('natalie@example.com', 'solar', 1000, 220),
('ethan@example.com', 'wind-turbine', 1200, 240),
('hannah@example.com', 'mixed', 1400, NULL);

INSERT INTO Manufacturer (manufacturer_name) VALUES
    ('ABC Appliances'),
    ('XYZ Manufacturing'),
    ('123 Electronics'),
    ('DEF Home Solutions'),
    ('GHI Technologies'),
    ('456 Appliances'),
    ('JKL Manufacturing'),
    ('789 Electronics'),
    ('MNO Home Solutions'),
    ('PQR Technologies'),
    ('SolarTech'),
    ('WindGen'),
    ('EcoPower'),
    ('RenewaBreeze'),
    ('GreenEnergy'),
    ('SunshineCo'),
    ('EarthWinds'),
    ('CleanPower'),
    ('SustainableEnergies'),
    ('RenewableSolutions'),
    ('ABC SolarTech'),
    ('123 WindGen'),
    ('ABC EcoPower'),
    ('123 RenewaBreeze'),
    ('124 GreenEnergy'),
    ('134 SunshineCo'),
    ('234 EarthWinds'),
    ('222 CleanPower'),
    ('111 SustainableEnergies'),
    ('23 RenewableSolutions');


INSERT INTO Appliance (email, appliance_type, manufacturer_name, model, BTU)
VALUES
    ('john@example.com', 'Water heater', 'SolarTech', 'Model X', 50000),
    ('john@example.com', 'Air handler', 'WindGen', 'Model Y', 60000),
    ('jane@example.com', 'Water heater', 'EcoPower', 'Model Z', 40000),
    ('jane@example.com', 'Air handler', 'RenewaBreeze', NULL, 55000),
    ('bob@example.com', 'Water heater', 'GreenEnergy', 'Model B', 45000),
    ('bob@example.com', 'Air handler', 'SunshineCo', NULL, 65000),
    ('alice@example.com', 'Water heater', 'EarthWinds', 'Model D', 55000),
    ('alice@example.com', 'Air handler', 'CleanPower', NULL, 70000),
    ('charlie@example.com', 'Water heater', 'SustainableEnergies', 'Model F', 50000),
    ('charlie@example.com', 'Air handler', 'RenewableSolutions', NULL, 60000),
    ('dave@example.com', 'Water heater', 'ABC Appliances', 'Model H', 55000),
    ('dave@example.com', 'Air handler', 'XYZ Manufacturing', NULL, 65000),
    ('emma@example.com', 'Water heater', '123 Electronics', 'Model J', 50000),
    ('emma@example.com', 'Air handler', 'DEF Home Solutions', NULL, 70000),
    ('sam@example.com', 'Water heater', 'GHI Technologies', 'Model L', 55000),
    ('sam@example.com', 'Air handler', '456 Appliances', NULL, 60000),
    ('sara@example.com', 'Water heater', 'JKL Manufacturing', 'Model N', 45000),
    ('sara@example.com', 'Air handler', '789 Electronics', NULL, 55000),
    ('mike@example.com', 'Water heater', 'MNO Home Solutions', 'Model P', 55000),
    ('mike@example.com', 'Air handler', 'PQR Technologies', NULL, 65000),
    ('john@example.com', 'Water heater', 'SolarTech', 'Model R', 60000),
    ('john@example.com', 'Air handler', 'WindGen', NULL, 50000),
    ('jane@example.com', 'Water heater', 'EcoPower', 'Model T', 55000),
    ('jane@example.com', 'Air handler', 'RenewaBreeze', NULL, 45000),
    ('bob@example.com', 'Water heater', 'GreenEnergy', 'Model V', 65000),
    ('bob@example.com', 'Air handler', 'SunshineCo', NULL, 55000),
    ('emma@example.com', 'Water heater', 'EarthWinds', 'Model X', 70000),
    ('emma@example.com', 'Air handler', 'CleanPower', NULL, 50000),
    ('sara@example.com', 'Water heater', 'SustainableEnergies', 'Model Z', 60000),
    ('sara@example.com', 'Air handler', 'RenewableSolutions', NULL, 55000);


INSERT INTO WaterHeater (email, applianceID, tank_size, current_temperature, energy_source)
VALUES
    ('john@example.com',1,500,100,'Gas'),
    ('jane@example.com',3,400,80,'Electric'),
    ('bob@example.com',5,450,90,'Gas'),
    ('alice@example.com',7,550,110,'Fuel oil'),
    ('charlie@example.com',9,500,100,'Gas'),
    ('dave@example.com',11,550,110,'Electric'),
    ('emma@example.com',13,500,100,'Electric'),
    ('sam@example.com',15,550,110,'Gas'),
    ('sara@example.com',17,450,90,'Gas'),
    ('mike@example.com',19,550,110,'Electric'),
    ('john@example.com',21,600,120,'Fuel oil'),
    ('jane@example.com',23,550,110,'Heat pump'),
    ('bob@example.com',25,650,130,'Electric'),
    ('emma@example.com',27,700,140,'Gas'),
    ('sara@example.com',29,600,120,'Gas');

INSERT INTO AirHandler (email, applianceID, RPM)
VALUES
    ('john@example.com',2,600),
    ('jane@example.com',4,550),
    ('bob@example.com',6,650),
    ('alice@example.com',8,700),
    ('charlie@example.com',10,600),
    ('dave@example.com',12,650),
    ('emma@example.com',14,700),
    ('sam@example.com',16,600),
    ('sara@example.com',18,550),
    ('mike@example.com',20,650),
    ('john@example.com',22,500),
    ('jane@example.com',24,450),
    ('bob@example.com',26,550),
    ('emma@example.com',28,500),
    ('sara@example.com',30,550);


INSERT INTO AirConditioner (email, applianceID, EER)
VALUES
    ('john@example.com',2,60),
    ('jane@example.com',4,50),
    ('bob@example.com',6,60),
    ('alice@example.com',8,70),
    ('charlie@example.com',10,60);

    INSERT INTO Heater (email, applianceID, energy_source)
VALUES
    ('dave@example.com',12,'Gas'),
    ('emma@example.com',14,'Gas'),
    ('sam@example.com',16,'Electric'),
    ('sara@example.com',18,'Electric'),
    ('mike@example.com',20,'Electric');

    INSERT INTO HeatPump (email, applianceID, SEER, HSPF)
VALUES   
    ('john@example.com',22,50,4),
    ('jane@example.com',24,45,4),
    ('bob@example.com',26,55.4,2),
    ('emma@example.com',28,50.33,5),
    ('sara@example.com',30,53,5);